model,fold,train_start,train_end,test_start,test_end,train_bars,fit_seconds,error,n,mae,rmse,mape,smape,mase,directional_accuracy,path_directional_accuracy,return_correlation,interval_coverage,coverage_error,mean_interval_width,relative_interval_width,winkler_score,interval_level
random_walk,0,2017-01-01 00:00:00+00:00,2019-06-19 00:00:00+00:00,2019-06-20 00:00:00+00:00,2019-07-19 00:00:00+00:00,900,0.014459400001214817,,30,1883.684863273003,2074.794905681493,16.371049502785215,18.10950716225387,9.873333721881059,0.0,0.41379310344827586,,0.9,0.04999999999999993,6118.914896673367,0.5516993717732267,8905.294550779652,0.95
random_walk_drift,0,2017-01-01 00:00:00+00:00,2019-06-19 00:00:00+00:00,2019-06-20 00:00:00+00:00,2019-07-19 00:00:00+00:00,900,0.013330300003872253,,30,1563.7807015933888,1772.881971281114,13.536493189229063,14.763816040316572,8.196556141477654,1.0,0.5862068965517241,-0.10839663420883551,0.9,0.04999999999999993,6405.893581303667,0.5778757447169085,8329.872267347007,0.95
historical_mean_return,0,2017-01-01 00:00:00+00:00,2019-06-19 00:00:00+00:00,2019-06-20 00:00:00+00:00,2019-07-19 00:00:00+00:00,900,0.02151300001423806,,30,1688.1543818383807,1898.9662527317125,14.6151306215741,16.047458720422185,8.848460754197026,1.0,0.5862068965517241,-0.10593858921601851,0.7666666666666667,0.18333333333333324,4686.423617368262,0.42261994097536254,11130.451730964147,0.95
arima,0,2017-01-01 00:00:00+00:00,2019-06-19 00:00:00+00:00,2019-06-20 00:00:00+00:00,2019-07-19 00:00:00+00:00,900,0.4951181000069482,,30,1857.647174275612,2050.4687653736464,16.137522676858318,17.83192836186289,9.736857181760064,1.0,0.5862068965517241,0.3878051832282078,0.9,0.04999999999999993,6552.143760496062,0.5908046825329148,8661.147747007179,0.95
ets,0,2017-01-01 00:00:00+00:00,2019-06-19 00:00:00+00:00,2019-06-20 00:00:00+00:00,2019-07-19 00:00:00+00:00,900,0.16038979998847935,,30,1641.0068216855168,1849.6705784601047,14.202163051646554,15.555422447982892,8.60133682989429,1.0,0.5862068965517241,0.006999410670525672,0.9333333333333333,0.016666666666666607,7117.791396859844,0.6426327118828392,8644.546336822817,0.95
prophet,0,2017-01-01 00:00:00+00:00,2019-06-19 00:00:00+00:00,2019-06-20 00:00:00+00:00,2019-07-19 00:00:00+00:00,900,5.563781199991354,,30,2798.9580991880825,2991.98082743245,24.511978461455843,28.38171798722224,14.670738150344551,0.0,0.41379310344827586,-0.49954379210980465,0.23333333333333334,0.7166666666666666,3205.7164423861395,0.2907415296257871,54289.90218319073,0.95
prophet_xgb_hybrid,0,2017-01-01 00:00:00+00:00,2019-06-19 00:00:00+00:00,2019-06-20 00:00:00+00:00,2019-07-19 00:00:00+00:00,900,6.0060828999994555,,30,2732.9859543219923,2946.657804661029,23.894462773149037,27.63585559058183,14.3249451701539,0.03333333333333333,0.4827586206896552,-0.4899597756091997,0.3,0.6499999999999999,4818.116168113394,0.4357005371824497,32278.55516975515,0.95
random_walk,1,2017-01-01 00:00:00+00:00,2023-01-08 00:00:00+00:00,2023-01-09 00:00:00+00:00,2023-02-07 00:00:00+00:00,2199,0.013086499995552003,,30,4776.773632859995,5129.688091648344,21.19354166591553,24.08996301560108,9.781696485560909,1.0,0.4482758620689655,,0.9333333333333333,0.016666666666666607,10446.407392235455,0.46742914071119185,10827.271184531426,0.95
random_walk_drift,1,2017-01-01 00:00:00+00:00,2023-01-08 00:00:00+00:00,2023-01-09 00:00:00+00:00,2023-02-07 00:00:00+00:00,2199,0.014897000000928529,,30,4429.913872160144,4747.6347050542945,19.66578224937032,22.12468369325308,9.071410178736524,1.0,0.5517241379310345,0.8477129963522442,0.9666666666666667,0.01666666666666672,10698.302326811568,0.4784259133599463,10715.162822345193,0.95
historical_mean_return,1,2017-01-01 00:00:00+00:00,2023-01-08 00:00:00+00:00,2023-01-09 00:00:00+00:00,2023-02-07 00:00:00+00:00,2199,0.01007709999976214,,30,5268.640866302619,5674.200526349029,23.360949896437504,26.95449002295478,10.788923613853278,0.0,0.4482758620689655,-0.8535328558932586,0.16666666666666666,0.7833333333333333,8186.828639236365,0.3666935651367326,38599.007912963905,0.95
arima,1,2017-01-01 00:00:00+00:00,2023-01-08 00:00:00+00:00,2023-01-09 00:00:00+00:00,2023-02-07 00:00:00+00:00,2199,1.9544705000007525,,30,4780.615793418002,5133.212480210228,21.21132885889225,24.11207963752859,9.789564316719723,0.0,0.41379310344827586,0.17175044933064249,0.9,0.04999999999999993,10295.053826794032,0.4606935010007959,10942.966624814795,0.95
ets,1,2017-01-01 00:00:00+00:00,2023-01-08 00:00:00+00:00,2023-01-09 00:00:00+00:00,2023-02-07 00:00:00+00:00,2199,0.2462742000061553,,30,4810.727560641423,5165.952641321506,21.34456106425579,24.28490110407186,9.851226055429125,0.0,0.4482758620689655,-0.8848140010110813,0.9333333333333333,0.016666666666666607,10900.157645524658,0.4869173697120451,11261.297090424112,0.95
prophet,1,2017-01-01 00:00:00+00:00,2023-01-08 00:00:00+00:00,2023-01-09 00:00:00+00:00,2023-02-07 00:00:00+00:00,2199,5.499810599998455,,30,7022.462618352696,7488.850426546715,31.235435780997715,37.843228832295246,14.380333504059255,0.0,0.3448275862068966,-0.9378744821005046,0.13333333333333333,0.8166666666666667,6398.373893697601,0.29491133560548016,156105.55392033627,0.95
prophet_xgb_hybrid,1,2017-01-01 00:00:00+00:00,2023-01-08 00:00:00+00:00,2023-01-09 00:00:00+00:00,2023-02-07 00:00:00+00:00,2199,11.039979400011362,,30,6474.6489018988395,7060.080281104946,28.628176596879733,34.40421946320844,13.258541282607382,0.03333333333333333,0.3793103448275862,-0.9089281886754237,0.1,0.85,7395.429282698418,0.3302590483791418,100098.50407313333,0.95
random_walk,2,2017-01-01 00:00:00+00:00,2026-07-29 00:00:00+00:00,2026-07-30 00:00:00+00:00,2026-08-28 00:00:00+00:00,3497,0.03757240000413731,,30,4885.258593726667,7922.519873005244,6.399889894500606,6.958789588515277,6.699141813224266,0.3333333333333333,0.4827586206896552,,1.0,0.050000000000000044,33921.78593613457,0.489673429699752,33921.78593613457,0.95
random_walk_drift,2,2017-01-01 00:00:00+00:00,2026-07-29 00:00:00+00:00,2026-07-30 00:00:00+00:00,2026-08-28 00:00:00+00:00,3497,0.021745200006989762,,30,4446.8747708323635,6845.712704530502,5.899614204720509,6.292480914137298,6.097987270051552,0.6666666666666666,0.5172413793103449,0.8252598160843498,1.0,0.050000000000000044,34673.350988509395,0.500130927611337,34673.350988509395,0.95
historical_mean_return,2,2017-01-01 00:00:00+00:00,2026-07-29 00:00:00+00:00,2026-07-30 00:00:00+00:00,2026-08-28 00:00:00+00:00,3497,0.035165900000720285,,30,5903.383955322599,9262.327842229499,7.780707156758392,8.566267498910381,8.095294350518794,0.3333333333333333,0.4827586206896552,-0.8208225016916325,0.7333333333333333,0.21666666666666667,20889.14340665632,0.30191908153830715,34568.00256277672,0.95
arima,2,2017-01-01 00:00:00+00:00,2026-07-29 00:00:00+00:00,2026-07-30 00:00:00+00:00,2026-08-28 00:00:00+00:00,3497,1.5320554999925662,,30,4882.537719318323,7917.547510821203,6.39652941438175,6.954575457699072,6.695410685553588,0.6666666666666666,0.5517241379310345,-0.04731120918203152,1.0,0.050000000000000044,33123.83891416489,0.4782008345752399,33123.83891416489,0.95
ets,2,2017-01-01 00:00:00+00:00,2026-07-29 00:00:00+00:00,2026-07-30 00:00:00+00:00,2026-08-28 00:00:00+00:00,3497,0.3626854000031017,,30,4953.5377333845945,8040.33125139868,6.486913280132287,7.064758382067536,6.792772811599823,0.3333333333333333,0.4827586206896552,-0.7731100581855136,1.0,0.050000000000000044,35421.607253012786,0.5100059373508499,35421.607253012786,0.95
prophet,2,2017-01-01 00:00:00+00:00,2026-07-29 00:00:00+00:00,2026-07-30 00:00:00+00:00,2026-08-28 00:00:00+00:00,3497,16.818747600002098,,30,18393.54828022823,19629.4240084094,28.05072270444688,24.112879914965816,25.223022694411437,0.6666666666666666,0.41379310344827586,-0.12135477586039277,0.7333333333333333,0.21666666666666667,55965.17840691912,0.8262550237571848,65631.32763922328,0.95
prophet_xgb_hybrid,2,2017-01-01 00:00:00+00:00,2026-07-29 00:00:00+00:00,2026-07-30 00:00:00+00:00,2026-08-28 00:00:00+00:00,3497,45.39087329999893,,30,21267.882829190774,22366.68820902759,32.2286440794975,27.26291773950898,29.164589838242236,0.6666666666666666,0.41379310344827586,0.11682867833012558,0.3,0.6499999999999999,36778.177436338396,0.5280556385239078,373625.994609379,0.95
